4012801205511;CUSCIN.1 COR.SFERE 6313-2Z;
4012801205580;CUSCIN.1 COR.SFERE 6314-2RS;
4012801205603;CUSCIN.1 COR.SFERE 6314-2Z;
4012801205689;CUSCIN.1 COR.SFERE 6315-2RS;
4012801206273;CUSCIN.1 COR.SFERE 6410;
4012801206280;CUSCIN.1 COR.SFERE 6411;
4012801262316;CUSCIN.1 COR.SFERE 6304-2RS;
4012801262323;CUSCIN.1 COR.SFERE 6304-ZZ;
4012801280846;CUSCIN.1 COR.SFERE 6316-2RS;
4012807814601;CUSCIN.1 COR.SFERE 6308-ZZ;
4026677669773;CUSCIN.RULLI CONICI 30305 CZ;
4026677669797;CUSCIN.RULLI CONICI 30306 CZ;
4026677669810;CUSCIN.RULLI CONICI 30307 CZ;
4026677670274;CUSCIN.RULLI CONICI 32305 CZ;
4026677670335;CUSCIN.RULLI CONICI 32308 CY;
4026677853653;CUSCIN.RULLI CONICI 32307 CY;
40310503;CHIAVE A BRUCOLA mm 3;
40340050;QUADRO SCORREVOLE 3/4''  L 450;
40340524;CHIAVE A BUSSOLA  3/4'' DA 24;
404006;CHIAVE A RULLINO APER. 46 mm;
40CC150;SCALPELLO PIATTO  150;
40CC200;SCALPELLO PIATTO  200;
40CP05;PUNTERUOLO  150;
40MB4705;PINZA SEGER 125 D. 10/25 ANELL;
40MB4707;PINZA SEGER 175 DIRITTA 12/65;
40MB4709;PINZA SEG.INTERNO 225 32-80;
40MB4715;PINZA SEGER 125 CURVA I.10/25;
40MB4717;PINZA SEGER 175 CURVA 12/65;
40MB472;PINZA SEGER 175 DRITTA 10/40;
40MB4729;PINZA SEG.ESTERNO 225 32-80;
40MB4735;PINZA SEGER 125 CURVA. 10/25;
40MB4737;PINZA SEGER 175 CURVA 10/40;
40MD934;CACCIAVITE PIATTO 8.0 x 150;
40MDM706;SET N.6 MINICACCIAVITE;
40MR1221;KIT BUSSOLE POLIGONALI 1/2'';
40MR34186;KIT BUSSOLE POLIGONALI 3/4'';
40PP03;CACCIASPINA  150  D. 3;
40PP04;CACCIASPINA  150  D. 4;
40PP05;CACCIASPINA  150  D. 5;
40PP06;CACCIASPINA  150  D. 6;
40PP07;CACCIASPINA  150  D. 7;
